10001,1001,Sweden,Specsavers,
10002,1002,Sweden,Instrumentarium,
10003,1003,Sweden,Specsavers,
10004,1004,Sweden,Nissen,
10005,1005,Norway,Nissen,
10006,1006,Sweden,Specsavers,
10007,1007,Sweden,Instrumentarium,
10008,1008,Sweden,Specsavers,
10009,1009,Sweden,Instrumentarium,
10010,1010,Sweden,Instrumentarium,
10011,1011,Finland,Nissen,
10012,1012,Sweden,Nissen,
10013,1013,Norway,Specsavers,
10014,1014,Sweden,Specsavers,
10015,1015,Norway,Nissen,
10016,1016,Sweden,Instrumentarium,
10017,1017,Sweden,Nissen,
10018,1018,Sweden,Specsavers,
10019,1019,Sweden,Nissen,
10020,1020,Norway,Instrumentarium,
10021,1021,Sweden,Specsavers,
10022,1022,Sweden,Nissen,
10023,1023,Sweden,Instrumentarium,
10024,1024,Sweden,Specsavers,
10025,1025,Norway,Instrumentarium,
10026,1026,Sweden,Instrumentarium,
10027,1027,Norway,Nissen,
10028,1028,Sweden,Nissen,
10029,1029,Sweden,Nissen,
10030,1030,Norway,Specsavers,
10031,1031,Sweden,Instrumentarium,
10032,1032,Finland,Specsavers,
10033,1033,Sweden,Specsavers,
10034,1034,Sweden,Instrumentarium,
10035,1035,Norway,Instrumentarium,
10036,1036,Sweden,Instrumentarium,
10037,1037,Sweden,Instrumentarium,
10038,1038,Finland,Instrumentarium,
10039,1039,Sweden,Instrumentarium,
10040,1040,Finland,Nissen,
10041,1041,Norway,Instrumentarium,
10042,1042,Sweden,Nissen,
10043,1043,Sweden,Specsavers,
10044,1044,Sweden,Instrumentarium,
10045,1045,Finland,Instrumentarium,
10046,1046,Sweden,Specsavers,
10047,1047,Sweden,Specsavers,
10048,1048,Sweden,Instrumentarium,
10049,1049,Finland,Specsavers,
10050,1050,Finland,Nissen,
